fact_id,layer,cosine_distance_correct_correct,cosine_distance_correct_wrong,cosine_distance_wrong_wrong,l2_distance_correct_correct,l2_distance_correct_wrong,l2_distance_wrong_wrong,cosine_delta_cw_minus_cc,l2_delta_cw_minus_cc,cosine_delta_cw_minus_ww,l2_delta_cw_minus_ww
fact_0057,6,0.1137893199920654,0.5108141750097275,,35.081790924072266,79.93910217285156,,0.39702485501766205,44.8573112487793,,
fact_0057,9,0.1132798790931701,0.4224168658256531,,41.982852935791016,88.91896057128906,,0.30913698673248297,46.93610763549805,,
fact_0057,12,0.1472336053848266,0.3838518261909485,,65.78878784179688,123.8255615234375,,0.23661822080612188,58.036773681640625,,
