layer,n_facts,mean_cosine_delta_cw_minus_cc,median_cosine_delta_cw_minus_cc,fraction_positive_cosine_delta,mean_l2_delta_cw_minus_cc,median_l2_delta_cw_minus_cc,fraction_positive_l2_delta
6,1,0.39702485501766205,0.39702485501766205,1.0,44.8573112487793,44.8573112487793,1.0
9,1,0.30913698673248297,0.30913698673248297,1.0,46.93610763549805,46.93610763549805,1.0
12,1,0.23661822080612188,0.23661822080612188,1.0,58.036773681640625,58.036773681640625,1.0
